<?xml version="1.0" encoding="UTF-8"?>
<beans xmlns="http://www.springframework.org/schema/beans"
	xmlns:xsi="http://www.w3.org/2001/XMLSchema-instance"
	xmlns:context="http://www.springframework.org/schema/context"
	xsi:schemaLocation="http://www.springframework.org/schema/beans http://www.springframework.org/schema/beans/spring-beans.xsd
		http://www.springframework.org/schema/context http://www.springframework.org/schema/context/spring-context-4.0.xsd">

<!-- this enables the annotation and component -->
<context:component-scan base-package="com"></context:component-scan>
<bean class="org.springframework.jdbc.datasource.DriverManagerDataSource" id="ds" scope="singleton">
	<property name="driverClassName" value="com.mysql.cj.jdbc.Driver"></property>
	<property name="url" value="jdbc:mysql://localhost:3306/productdb"></property>
	<property name="username" value="java"></property>
	<property name="password" value="admin@123"></property>
</bean>

</beans>